-- liquibase formatted sql logicalFilePath:component-module-menu/gaf-microservice-governance.sql

-- changeset SYS:20210426-0
INSERT INTO "sys_component"("sys_component_id", "name", "name_cn", "code", "type", "status", "description", "created_time", "created_by", "updated_time", "updated_by", "sort_sn") VALUES ('11009340-a17b-4e0e-97fd-cfeca718fa4f', 'gaf-microservice-governance', '微服务治理', NULL, '2', 't', NULL, '2020-12-05 08:41:11.662511', NULL, '2020-12-05 08:41:11.662511', NULL, NULL);
INSERT INTO "sys_catalog"("catalog_id", "parent_id", "sort_sn", "name", "type", "code", "sys_component_id", "icon_url", "description", "status", "created_time", "created_by", "updated_time", "updated_by", "tenant_id", "biz_type_code") VALUES ('8bcbbce7-3573-4df4-b499-50b8e63eab21', '0', 8, '微服务治理', '2', NULL, '11009340-a17b-4e0e-97fd-cfeca718fa4f', NULL, '微服务治理默认根目录', 't', '2020-12-05 08:41:11.662511', NULL, '2020-12-05 08:41:11.662511', NULL, NULL, NULL);
INSERT INTO "sys_catalog"("catalog_id", "parent_id", "sort_sn", "name", "type", "code", "sys_component_id", "icon_url", "description", "status", "created_time", "created_by", "updated_time", "updated_by", "tenant_id", "biz_type_code") VALUES ('08c888ab-042d-4ac6-a9d2-1e851a746520', '0', 14, '微服务治理', '1', NULL, '11009340-a17b-4e0e-97fd-cfeca718fa4f', NULL, '微服务治理默认根目录', 't', '2020-12-05 08:41:11.662511', 'SYS', '2020-12-05 08:41:11.662511', 'SYS', 'tenant_000000', NULL);

INSERT INTO "auth_resource_module"("resource_module_id", "sys_component_id", "module_catalog_id", "name", "type", "module_url", "icon_url", "status", "sort_sn", "description", "created_time", "created_by", "updated_time", "updated_by", "path", "target", "name_en") VALUES ('1f4e548f-3ef7-4a05-94f9-84dd6b55cd59', '11009340-a17b-4e0e-97fd-cfeca718fa4f', '08c888ab-042d-4ac6-a9d2-1e851a746520', '微服务配置中心', '2', '/srv-governance/view/index.html#/config', NULL, 't', 5, NULL, '2020-12-05 08:48:21.90128', NULL, '2021-01-13 02:49:07.820838', NULL, '/governance/config', '0', NULL);
INSERT INTO "auth_resource_module"("resource_module_id", "sys_component_id", "module_catalog_id", "name", "type", "module_url", "icon_url", "status", "sort_sn", "description", "created_time", "created_by", "updated_time", "updated_by", "path", "target", "name_en") VALUES ('21b4ebf3-0ef5-4b9d-9b24-d4a69fdaf595', '11009340-a17b-4e0e-97fd-cfeca718fa4f', '08c888ab-042d-4ac6-a9d2-1e851a746520', '网关路由管理', '2', '/srv-governance/view/index.html#/routes', NULL, 't', 4, NULL, '2020-12-05 08:56:10.433094', NULL, '2021-01-13 02:49:39.908859', NULL, '/governance/routes', '0', NULL);
INSERT INTO "auth_resource_module"("resource_module_id", "sys_component_id", "module_catalog_id", "name", "type", "module_url", "icon_url", "status", "sort_sn", "description", "created_time", "created_by", "updated_time", "updated_by", "path", "target", "name_en") VALUES ('a6f9637e-4444-4753-a3ff-5fff9cad5fce', '11009340-a17b-4e0e-97fd-cfeca718fa4f', '08c888ab-042d-4ac6-a9d2-1e851a746520', '链路追踪分析', '2', '/srv-governance/view/index.html#/trace', NULL, 't', 3, NULL, '2020-12-05 08:57:11.590193', NULL, '2021-01-13 02:49:47.475985', NULL, '/governance/trace', '0', NULL);
INSERT INTO "auth_resource_module"("resource_module_id", "sys_component_id", "module_catalog_id", "name", "type", "module_url", "icon_url", "status", "sort_sn", "description", "created_time", "created_by", "updated_time", "updated_by", "path", "target", "name_en") VALUES ('9cd6a848-fbc6-4ba8-9457-94bdbf0722f4', '11009340-a17b-4e0e-97fd-cfeca718fa4f', '08c888ab-042d-4ac6-a9d2-1e851a746520', '微服务日志', '2', '/srv-governance/view/index.html#/logs', NULL, 't', 2, NULL, '2020-12-05 08:57:52.426491', NULL, '2021-01-13 02:49:54.243793', NULL, '/governance/logs', '0', NULL);
INSERT INTO "auth_resource_module"("resource_module_id", "sys_component_id", "module_catalog_id", "name", "type", "module_url", "icon_url", "status", "sort_sn", "description", "created_time", "created_by", "updated_time", "updated_by", "path", "target", "name_en") VALUES ('4f99ed13-87bd-4ea1-a3c5-b49169a0ba99', '11009340-a17b-4e0e-97fd-cfeca718fa4f', '08c888ab-042d-4ac6-a9d2-1e851a746520', '微服务监控', '2', '/srv-governance/view/index.html#/metrics', NULL, 't', 1, NULL, '2020-12-05 08:58:28.246406', NULL, '2021-01-13 02:50:01.421997', NULL, '/governance/metrics', '0', NULL);

INSERT INTO "sys_catalog"("catalog_id", "parent_id", "sort_sn", "name", "type", "code", "sys_component_id", "icon_url", "description", "status", "created_time", "created_by", "updated_time", "updated_by", "tenant_id", "biz_type_code") VALUES ('m98c3751e-c893-11e9-8b31-223e840cdc8', 'ca4faf63-2836-4e2e-baba-28ccacc5edd3', 3, '微服务治理', '4', '0001', 'comp_xxx', 'icon-cloud-server', 'serviceGovernance', 't', '2020-11-12 13:22:59.033325', 'SYS', '2021-03-24 01:48:15.324807', 'SYS', 'tenant_000000', NULL);

INSERT INTO "auth_resource_menu"("resource_menu_id", "menu_catalog_id", "name", "resource_module_id", "icon", "visible", "status", "sort_sn", "description", "created_time", "created_by", "updated_time", "updated_by", "params") VALUES ('83ea5ee5-01d6-44f5-b8ba-1c5b6ec75660', 'm98c3751e-c893-11e9-8b31-223e840cdc8', '微服务配置中心', '1f4e548f-3ef7-4a05-94f9-84dd6b55cd59', NULL, 't', 't', 1, NULL, '2020-12-05 08:52:01.827519', 'SYS', '2020-12-05 08:52:01.827519', 'SYS', NULL);
INSERT INTO "auth_resource_menu"("resource_menu_id", "menu_catalog_id", "name", "resource_module_id", "icon", "visible", "status", "sort_sn", "description", "created_time", "created_by", "updated_time", "updated_by", "params") VALUES ('853a5019-61b0-4665-9c0a-16dae8929005', 'm98c3751e-c893-11e9-8b31-223e840cdc8', '网关路由管理', '21b4ebf3-0ef5-4b9d-9b24-d4a69fdaf595', NULL, 't', 't', 2, NULL, '2020-12-05 08:59:20.831178', 'SYS', '2020-12-05 08:59:20.831178', 'SYS', NULL);
INSERT INTO "auth_resource_menu"("resource_menu_id", "menu_catalog_id", "name", "resource_module_id", "icon", "visible", "status", "sort_sn", "description", "created_time", "created_by", "updated_time", "updated_by", "params") VALUES ('3e4f18da-c6ba-4d4d-b996-722a9ad2589c', 'm98c3751e-c893-11e9-8b31-223e840cdc8', '微服务日志', '9cd6a848-fbc6-4ba8-9457-94bdbf0722f4', NULL, 't', 't', 4, NULL, '2020-12-05 09:00:21.388482', 'SYS', '2020-12-05 09:00:21.388482', 'SYS', NULL);
INSERT INTO "auth_resource_menu"("resource_menu_id", "menu_catalog_id", "name", "resource_module_id", "icon", "visible", "status", "sort_sn", "description", "created_time", "created_by", "updated_time", "updated_by", "params") VALUES ('10f7e107-7d68-4327-b7be-d83a346f1f11', 'm98c3751e-c893-11e9-8b31-223e840cdc8', '链路追踪分析', 'a6f9637e-4444-4753-a3ff-5fff9cad5fce', NULL, 't', 't', 3, NULL, '2020-12-05 08:59:56.238029', 'SYS', '2020-12-05 08:59:56.238029', 'SYS', NULL);
INSERT INTO "auth_resource_menu"("resource_menu_id", "menu_catalog_id", "name", "resource_module_id", "icon", "visible", "status", "sort_sn", "description", "created_time", "created_by", "updated_time", "updated_by", "params") VALUES ('0d125d89-3c3d-4868-bbfd-2136a32ed86f', 'm98c3751e-c893-11e9-8b31-223e840cdc8', '微服务监控', '4f99ed13-87bd-4ea1-a3c5-b49169a0ba99', NULL, 't', 't', 5, NULL, '2020-12-05 09:00:35.879196', 'SYS', '2020-12-05 09:00:35.879196', 'SYS', NULL);

INSERT INTO "auth_role_menu"("role_menu_id", "role_id", "resource_module_id", "status", "sort_sn", "description", "created_time", "created_by", "updated_time", "updated_by", "resource_menu_id") VALUES ('040b663f-f56e-4b6b-88a3-49724cd5308d', 'role_000000', NULL, 't', 1, NULL, '2020-12-05 08:52:20.951878', 'SYS', '2020-12-05 08:52:20.951878', 'SYS', '83ea5ee5-01d6-44f5-b8ba-1c5b6ec75660');
INSERT INTO "auth_role_menu"("role_menu_id", "role_id", "resource_module_id", "status", "sort_sn", "description", "created_time", "created_by", "updated_time", "updated_by", "resource_menu_id") VALUES ('a8935158-7679-4067-b20a-260aae4e9f3f', 'role_000000', NULL, 't', 1, NULL, '2020-12-05 09:01:38.943811', 'SYS', '2020-12-05 09:01:38.943811', 'SYS', '853a5019-61b0-4665-9c0a-16dae8929005');
INSERT INTO "auth_role_menu"("role_menu_id", "role_id", "resource_module_id", "status", "sort_sn", "description", "created_time", "created_by", "updated_time", "updated_by", "resource_menu_id") VALUES ('1bc5548a-72d5-4a85-a0df-4b8fdb8be525', 'role_000000', NULL, 't', 1, NULL, '2020-12-05 09:01:38.943811', 'SYS', '2020-12-05 09:01:38.943811', 'SYS', '3e4f18da-c6ba-4d4d-b996-722a9ad2589c');
INSERT INTO "auth_role_menu"("role_menu_id", "role_id", "resource_module_id", "status", "sort_sn", "description", "created_time", "created_by", "updated_time", "updated_by", "resource_menu_id") VALUES ('e949ae7a-1e79-43dc-bd59-0fa5b500bc05', 'role_000000', NULL, 't', 1, NULL, '2020-12-05 09:01:38.943811', 'SYS', '2020-12-05 09:01:38.943811', 'SYS', '10f7e107-7d68-4327-b7be-d83a346f1f11');
INSERT INTO "auth_role_menu"("role_menu_id", "role_id", "resource_module_id", "status", "sort_sn", "description", "created_time", "created_by", "updated_time", "updated_by", "resource_menu_id") VALUES ('6811adab-13be-48ff-bd75-61c4d9ee016b', 'role_000000', NULL, 't', 1, NULL, '2020-12-05 09:01:38.943811', 'SYS', '2020-12-05 09:01:38.943811', 'SYS', '0d125d89-3c3d-4868-bbfd-2136a32ed86f');
INSERT INTO "auth_role_menu"("role_menu_id", "role_id", "resource_module_id", "status", "sort_sn", "description", "created_time", "created_by", "updated_time", "updated_by", "resource_menu_id") VALUES ('5247d637-ac2b-4a65-b3ae-69df893e76c6', 'role_000001', '1f4e548f-3ef7-4a05-94f9-84dd6b55cd59', 't', 1, NULL, '2021-05-12 07:37:26.854678', NULL, '2021-05-12 07:37:26.854678', NULL, '83ea5ee5-01d6-44f5-b8ba-1c5b6ec75660');
INSERT INTO "auth_role_menu"("role_menu_id", "role_id", "resource_module_id", "status", "sort_sn", "description", "created_time", "created_by", "updated_time", "updated_by", "resource_menu_id") VALUES ('50917006-b20e-4641-b993-d7ca8a72a610', 'role_000001', '21b4ebf3-0ef5-4b9d-9b24-d4a69fdaf595', 't', 1, NULL, '2021-05-12 07:37:26.854678', NULL, '2021-05-12 07:37:26.854678', NULL, '853a5019-61b0-4665-9c0a-16dae8929005');
INSERT INTO "auth_role_menu"("role_menu_id", "role_id", "resource_module_id", "status", "sort_sn", "description", "created_time", "created_by", "updated_time", "updated_by", "resource_menu_id") VALUES ('4c67ff5c-22c4-4204-bd4d-48a96f235e24', 'role_000001', '9cd6a848-fbc6-4ba8-9457-94bdbf0722f4', 't', 1, NULL, '2021-05-12 07:37:26.854678', NULL, '2021-05-12 07:37:26.854678', NULL, '3e4f18da-c6ba-4d4d-b996-722a9ad2589c');
INSERT INTO "auth_role_menu"("role_menu_id", "role_id", "resource_module_id", "status", "sort_sn", "description", "created_time", "created_by", "updated_time", "updated_by", "resource_menu_id") VALUES ('6e29d2f3-4098-4814-908b-84efddf91af3', 'role_000001', 'a6f9637e-4444-4753-a3ff-5fff9cad5fce', 't', 1, NULL, '2021-05-12 07:37:26.854678', NULL, '2021-05-12 07:37:26.854678', NULL, '10f7e107-7d68-4327-b7be-d83a346f1f11');
INSERT INTO "auth_role_menu"("role_menu_id", "role_id", "resource_module_id", "status", "sort_sn", "description", "created_time", "created_by", "updated_time", "updated_by", "resource_menu_id") VALUES ('306f889a-6818-4990-b29a-ffab3bb20193', 'role_000001', '4f99ed13-87bd-4ea1-a3c5-b49169a0ba99', 't', 1, NULL, '2021-05-12 07:37:26.854678', NULL, '2021-05-12 07:37:26.854678', NULL, '0d125d89-3c3d-4868-bbfd-2136a32ed86f');

-- changeset SYS:20210817-4
INSERT INTO "auth_role_menu" ("role_menu_id", "role_id", "resource_module_id", "status", "sort_sn", "description", "created_time", "created_by", "updated_time", "updated_by", "resource_menu_id") VALUES ('fc3c109a-3a10-4f1b-b1e6-13e7033ebfed', '8343b450-baac-4d34-902a-49e60284560d', '4f99ed13-87bd-4ea1-a3c5-b49169a0ba99', 't', 1, NULL, '2021-08-17 00:58:37.359445', NULL, '2021-08-17 00:58:37.359445', NULL, '0d125d89-3c3d-4868-bbfd-2136a32ed86f');
INSERT INTO "auth_role_menu" ("role_menu_id", "role_id", "resource_module_id", "status", "sort_sn", "description", "created_time", "created_by", "updated_time", "updated_by", "resource_menu_id") VALUES ('a50b49cb-2e72-4e0b-b4dc-f341472134f5', '8343b450-baac-4d34-902a-49e60284560d', 'a6f9637e-4444-4753-a3ff-5fff9cad5fce', 't', 1, NULL, '2021-08-17 00:58:37.359445', NULL, '2021-08-17 00:58:37.359445', NULL, '10f7e107-7d68-4327-b7be-d83a346f1f11');
INSERT INTO "auth_role_menu" ("role_menu_id", "role_id", "resource_module_id", "status", "sort_sn", "description", "created_time", "created_by", "updated_time", "updated_by", "resource_menu_id") VALUES ('6cad6690-f21d-4bca-b8dd-f51d0ad0bcf5', '8343b450-baac-4d34-902a-49e60284560d', '9cd6a848-fbc6-4ba8-9457-94bdbf0722f4', 't', 1, NULL, '2021-08-17 00:58:37.359445', NULL, '2021-08-17 00:58:37.359445', NULL, '3e4f18da-c6ba-4d4d-b996-722a9ad2589c');
INSERT INTO "auth_role_menu" ("role_menu_id", "role_id", "resource_module_id", "status", "sort_sn", "description", "created_time", "created_by", "updated_time", "updated_by", "resource_menu_id") VALUES ('7007ada6-f0e0-47b1-b617-14649108557b', '8343b450-baac-4d34-902a-49e60284560d', '21b4ebf3-0ef5-4b9d-9b24-d4a69fdaf595', 't', 1, NULL, '2021-08-17 00:58:37.359445', NULL, '2021-08-17 00:58:37.359445', NULL, '853a5019-61b0-4665-9c0a-16dae8929005');
INSERT INTO "auth_role_menu" ("role_menu_id", "role_id", "resource_module_id", "status", "sort_sn", "description", "created_time", "created_by", "updated_time", "updated_by", "resource_menu_id") VALUES ('e7b067c7-0f35-4f43-9d75-d4f493b5b840', '8343b450-baac-4d34-902a-49e60284560d', '1f4e548f-3ef7-4a05-94f9-84dd6b55cd59', 't', 1, NULL, '2021-08-17 00:58:37.359445', NULL, '2021-08-17 00:58:37.359445', NULL, '83ea5ee5-01d6-44f5-b8ba-1c5b6ec75660');